"","ASVid","Kingdom","Phylum","Class","Order","Family","Genus","Species"
"1","ASV_1","Bacteria","Bacteroidetes","Bacteroidia","Bacteroidales","Bacteroidaceae","Bacteroides",NA
"2","ASV_2","Bacteria","Bacteroidetes","Bacteroidia","Bacteroidales","Rikenellaceae","Alistipes",NA
"3","ASV_3","Bacteria","Bacteroidetes","Bacteroidia","Bacteroidales","Bacteroidaceae","Bacteroides",NA
"4","ASV_4","Bacteria","Bacteroidetes","Bacteroidia","Bacteroidales","Rikenellaceae","Alistipes",NA
"5","ASV_5","Bacteria","Bacteroidetes","Bacteroidia","Bacteroidales","Bacteroidaceae","Bacteroides",NA
"6","ASV_6","Bacteria","Bacteroidetes","Bacteroidia","Bacteroidales","Bacteroidaceae","Bacteroides",NA
"7","ASV_7","Bacteria","Bacteroidetes","Bacteroidia","Bacteroidales","Porphyromonadaceae","Parabacteroides",NA
"8","ASV_8","Bacteria","Proteobacteria","Gammaproteobacteria","Enterobacteriales","Enterobacteriaceae","Esherichica/Shigella",NA
"9","ASV_9","Bacteria","Bacteroidetes","Bacteroidia","Bacteroidales","Bacteroidaceae","Bacteroides",NA
"10","ASV_10","Bacteria","Firmicutes","Negativicutes","Selenomonadales","Veillonellaceae","Dialister",NA
"11","ASV_11","Bacteria","Firmicutes","Negativicutes","Selenomonadales","Veillonellaceae","Dialister",NA
"12","ASV_12","Bacteria","Bacteroidetes","Bacteroidia","Bacteroidales","Bacteroidaceae","Bacteroides",NA
"13","ASV_13","Bacteria","Bacteroidetes","Bacteroidia","Bacteroidales","Bacteroidaceae","Bacteroides",NA
"14","ASV_14","Bacteria","Bacteroidetes","Bacteroidia","Bacteroidales","Bacteroidaceae","Bacteroides",NA
"15","ASV_15","Bacteria","Firmicutes","Bacilli","Lactobacillales","Streptococcaceae","Streptococcus",NA
"16","ASV_16","Bacteria","Proteobacteria","Gammaproteobacteria","Enterobacteriales","Enterobacteriaceae","Esherichica/Shigella",NA
"17","ASV_17","Bacteria","Proteobacteria","Gammaproteobacteria","Enterobacteriales","Enterobacteriaceae",NA,NA
"18","ASV_18","Bacteria","Proteobacteria","Gammaproteobacteria","Enterobacteriales","Enterobacteriaceae",NA,NA
"19","ASV_19","Bacteria","Proteobacteria","Gammaproteobacteria","Enterobacteriales","Enterobacteriaceae",NA,NA
"20","ASV_20","Bacteria","Bacteroidetes","Bacteroidia","Bacteroidales","Rikenellaceae","Alistipes",NA
"21","ASV_21","Bacteria","Proteobacteria","Gammaproteobacteria","Enterobacteriales","Enterobacteriaceae","Pseudocitrobacter",NA
"22","ASV_22","Bacteria","Proteobacteria","Gammaproteobacteria","Enterobacteriales","Enterobacteriaceae","Pseudocitrobacter",NA
"23","ASV_23","Bacteria","Proteobacteria","Gammaproteobacteria","Enterobacteriales","Enterobacteriaceae","Esherichica/Shigella",NA
"24","ASV_24","Bacteria","Proteobacteria","Gammaproteobacteria","Enterobacteriales","Enterobacteriaceae","Pseudocitrobacter",NA
"25","ASV_25","Bacteria","Proteobacteria","Gammaproteobacteria","Enterobacteriales","Enterobacteriaceae","Pseudocitrobacter",NA
"26","ASV_26","Bacteria","Bacteroidetes","Bacteroidia","Bacteroidales","Porphyromonadaceae","Barnesiella",NA
"27","ASV_27","Bacteria","Proteobacteria","Gammaproteobacteria","Enterobacteriales","Enterobacteriaceae","Pseudocitrobacter",NA
"28","ASV_28","Bacteria","Bacteroidetes","Bacteroidia","Bacteroidales","Rikenellaceae","Alistipes",NA
"29","ASV_29","Bacteria","Bacteroidetes","Bacteroidia","Bacteroidales","Porphyromonadaceae","Barnesiella",NA
"30","ASV_30","Bacteria","Bacteroidetes","Bacteroidia","Bacteroidales","Bacteroidaceae","Bacteroides",NA
"31","ASV_31","Bacteria","Bacteroidetes","Bacteroidia","Bacteroidales","Bacteroidaceae","Bacteroides",NA
"32","ASV_32","Bacteria","Firmicutes","Clostridia","Clostridiales","Ruminococcaceae","Subdoligranulum",NA
"33","ASV_33","Bacteria","Bacteroidetes","Bacteroidia","Bacteroidales","Bacteroidaceae","Bacteroides",NA
"34","ASV_34","Bacteria","Firmicutes","Clostridia","Clostridiales","Lachnospiraceae",NA,NA
"35","ASV_35","Bacteria","Firmicutes","Clostridia","Clostridiales","Ruminococcaceae","Ruminococcaceae_UCG-013",NA
"36","ASV_36","Bacteria","Firmicutes","Bacilli","Lactobacillales","Streptococcaceae","Streptococcus",NA
"37","ASV_37","Bacteria","Bacteroidetes","Bacteroidia","Bacteroidales","Bacteroidaceae","Bacteroides",NA
"38","ASV_38","Bacteria","Bacteroidetes","Bacteroidia","Bacteroidales","Rikenellaceae","Alistipes",NA
"39","ASV_39","Bacteria","Proteobacteria","Gammaproteobacteria","Enterobacteriales","Enterobacteriaceae","Esherichica/Shigella",NA
"40","ASV_40","Bacteria","Firmicutes","Clostridia","Clostridiales","Ruminococcaceae","Ruminococcus_1",NA
"41","ASV_41","Bacteria","Bacteroidetes","Bacteroidia","Bacteroidales","Bacteroidaceae","Bacteroides",NA
"42","ASV_42","Bacteria","Bacteroidetes","Bacteroidia","Bacteroidales","Rikenellaceae","Alistipes",NA
"43","ASV_43","Bacteria","Firmicutes","Clostridia","Clostridiales","Lachnospiraceae","Roseburia",NA
"44","ASV_44","Bacteria","Firmicutes","Clostridia","Clostridiales","Ruminococcaceae","Ruminococcus_2",NA
"45","ASV_45","Bacteria","Proteobacteria","Gammaproteobacteria","Enterobacteriales","Enterobacteriaceae",NA,NA
"46","ASV_46","Bacteria","Actinobacteria","Actinobacteria","Bifidobacteriales","Bifidobacteriaceae","Bifidobacterium",NA
"47","ASV_47","Bacteria","Bacteroidetes","Bacteroidia","Bacteroidales","Bacteroidaceae","Bacteroides",NA
"48","ASV_48","Bacteria","Firmicutes","Clostridia","Clostridiales","Lachnospiraceae","Anaerostipes",NA
"49","ASV_49","Bacteria","Firmicutes","Clostridia","Clostridiales","Ruminococcaceae","Ruminococcaceae_UCG-014",NA
"50","ASV_50","Bacteria","Proteobacteria","Gammaproteobacteria","Enterobacteriales","Enterobacteriaceae","Esherichica/Shigella",NA
"51","ASV_51","Bacteria","Bacteroidetes","Bacteroidia","Bacteroidales","Rikenellaceae","Alistipes",NA
"52","ASV_52","Bacteria","Firmicutes","Clostridia","Clostridiales","Ruminococcaceae","Faecalibacterium",NA
"53","ASV_53","Bacteria","Firmicutes","Clostridia","Clostridiales","Lachnospiraceae","Blautia",NA
"54","ASV_54","Bacteria","Bacteroidetes","Bacteroidia","Bacteroidales","Porphyromonadaceae","Barnesiella",NA
"55","ASV_55","Bacteria","Firmicutes","Erysipelotrichia","Erysipelotrichales","Erysipelotrichaceae","Catenisphaera",NA
"56","ASV_56","Bacteria","Bacteroidetes","Bacteroidia","Bacteroidales","Porphyromonadaceae","Parabacteroides",NA
"57","ASV_57","Bacteria","Firmicutes","Erysipelotrichia","Erysipelotrichales","Erysipelotrichaceae","Holdemanella",NA
"58","ASV_58","Bacteria","Bacteroidetes","Bacteroidia","Bacteroidales","Rikenellaceae","Alistipes",NA
"59","ASV_59","Bacteria","Firmicutes","Bacilli","Lactobacillales","Streptococcaceae","Streptococcus",NA
"60","ASV_60","Bacteria","Bacteroidetes","Bacteroidia","Bacteroidales","Prevotellaceae","Prevotella_9",NA
"61","ASV_61","Bacteria","Bacteroidetes","Bacteroidia","Bacteroidales","Bacteroidaceae","Bacteroides",NA
"62","ASV_62","Bacteria","Bacteroidetes","Bacteroidia","Bacteroidales","Prevotellaceae","Prevotella_9",NA
"63","ASV_63","Bacteria","Firmicutes","Negativicutes","Selenomonadales","Veillonellaceae","Dialister",NA
"64","ASV_64","Bacteria","Firmicutes","Clostridia","Clostridiales","Ruminococcaceae",NA,NA
"65","ASV_65","Bacteria","Firmicutes","Clostridia","Clostridiales","Ruminococcaceae","Ruminococcaceae_UCG-002",NA
"66","ASV_66","Bacteria","Bacteroidetes","Bacteroidia","Bacteroidales","Prevotellaceae","Prevotella_9",NA
"67","ASV_67","Bacteria","Verrucomicrobia","Verrucomicrobiae","Verrucomicrobiales","Verrucomicrobiaceae","Akkermansia",NA
"68","ASV_68","Bacteria","Firmicutes","Clostridia","Clostridiales","Ruminococcaceae","Ruminococcaceae_UCG-002",NA
"69","ASV_69","Bacteria","Firmicutes","Clostridia","Clostridiales","Ruminococcaceae","Faecalibacterium",NA
"70","ASV_70","Bacteria","Firmicutes","Clostridia","Clostridiales","Lachnospiraceae","Roseburia",NA
"71","ASV_71","Bacteria","Firmicutes","Clostridia","Clostridiales","Ruminococcaceae",NA,NA
"72","ASV_72","Bacteria","Bacteroidetes","Bacteroidia","Bacteroidales","Bacteroidaceae","Bacteroides",NA
"73","ASV_73","Bacteria","Bacteroidetes","Bacteroidia","Bacteroidales","Rikenellaceae","Alistipes",NA
"74","ASV_74","Bacteria","Proteobacteria","Gammaproteobacteria","Enterobacteriales","Enterobacteriaceae",NA,NA
"75","ASV_75","Bacteria","Bacteroidetes","Bacteroidia","Bacteroidales","Prevotellaceae","Prevotella_9",NA
"76","ASV_76","Bacteria","Proteobacteria","Deltaproteobacteria","Desulfovibrionales","Desulfovibrionaceae","Bilophila",NA
"77","ASV_77","Bacteria","Actinobacteria","Actinobacteria","Bifidobacteriales","Bifidobacteriaceae","Bifidobacterium",NA
"78","ASV_78","Bacteria","Actinobacteria","Coriobacteriia","Coriobacteriales","Coriobacteriaceae","Collinsella",NA
"79","ASV_79","Bacteria","Firmicutes","Clostridia","Clostridiales","Lachnospiraceae",NA,NA
"80","ASV_80","Bacteria","Proteobacteria","Gammaproteobacteria","Enterobacteriales","Enterobacteriaceae",NA,NA
"81","ASV_81","Bacteria","Proteobacteria","Gammaproteobacteria","Enterobacteriales","Enterobacteriaceae","Trabulsiella",NA
"82","ASV_82","Bacteria","Bacteroidetes","Bacteroidia","Bacteroidales","Bacteroidaceae","Bacteroides",NA
"83","ASV_83","Bacteria","Firmicutes","Clostridia","Clostridiales","Ruminococcaceae","Ruminococcaceae_UCG-013",NA
"84","ASV_84","Bacteria","Bacteroidetes","Bacteroidia","Bacteroidales","Rikenellaceae","Alistipes",NA
"85","ASV_85","Bacteria","Proteobacteria","Gammaproteobacteria","Enterobacteriales","Enterobacteriaceae","Esherichica/Shigella",NA
"86","ASV_86","Bacteria","Bacteroidetes","Bacteroidia","Bacteroidales","Bacteroidaceae","Bacteroides",NA
"87","ASV_87","Bacteria","Firmicutes","Clostridia","Clostridiales","Ruminococcaceae","Faecalibacterium",NA
"88","ASV_88","Bacteria","Proteobacteria","Gammaproteobacteria","Enterobacteriales","Enterobacteriaceae","Esherichica/Shigella",NA
"89","ASV_89","Bacteria","Proteobacteria","Gammaproteobacteria","Enterobacteriales","Enterobacteriaceae","Pseudocitrobacter",NA
"90","ASV_90","Bacteria","Firmicutes","Clostridia","Clostridiales","Ruminococcaceae",NA,NA
"91","ASV_91","Bacteria","Proteobacteria","Gammaproteobacteria","Enterobacteriales","Enterobacteriaceae",NA,NA
"92","ASV_92","Bacteria","Proteobacteria","Betaproteobacteria","Burkholderiales","Alcaligenaceae","Parasutterella",NA
"93","ASV_93","Bacteria","Bacteroidetes","Bacteroidia","Bacteroidales","Prevotellaceae","Prevotella_9",NA
"94","ASV_94","Bacteria","Bacteroidetes","Bacteroidia","Bacteroidales","Bacteroidaceae","Bacteroides",NA
"95","ASV_95","Bacteria","Bacteroidetes","Bacteroidia","Bacteroidales","Prevotellaceae","Prevotella_9",NA
"96","ASV_96","Bacteria","Firmicutes","Clostridia","Clostridiales","Ruminococcaceae","Ruminococcus_2",NA
"97","ASV_97","Bacteria","Firmicutes","Negativicutes","Selenomonadales","Veillonellaceae","Dialister",NA
"98","ASV_98","Bacteria","Bacteroidetes","Bacteroidia","Bacteroidales","Bacteroidaceae","Bacteroides",NA
"99","ASV_99","Bacteria","Proteobacteria","Gammaproteobacteria","Enterobacteriales","Enterobacteriaceae",NA,NA
"100","ASV_100","Bacteria","Bacteroidetes","Bacteroidia","Bacteroidales","Prevotellaceae","Prevotella_9",NA
"101","ASV_101","Bacteria","Bacteroidetes","Bacteroidia","Bacteroidales","Rikenellaceae","Alistipes",NA
"102","ASV_102","Bacteria","Bacteroidetes","Bacteroidia","Bacteroidales","Porphyromonadaceae","Barnesiella",NA
"103","ASV_103","Bacteria","Firmicutes","Bacilli","Lactobacillales","Streptococcaceae","Streptococcus",NA
"104","ASV_104","Bacteria","Proteobacteria","Gammaproteobacteria","Pasteurellales","Pasteurellaceae","Haemophilus",NA
"105","ASV_105","Bacteria","Bacteroidetes","Bacteroidia","Bacteroidales","Porphyromonadaceae","Barnesiella",NA
"106","ASV_106","Bacteria","Bacteroidetes","Bacteroidia","Bacteroidales","Prevotellaceae","Prevotella_9",NA
"107","ASV_107","Bacteria","Firmicutes","Clostridia","Clostridiales","Peptostreptococcaceae","Romboutsia",NA
"108","ASV_108","Bacteria","Bacteroidetes","Bacteroidia","Bacteroidales","Rikenellaceae","Alistipes",NA
"109","ASV_109","Bacteria","Firmicutes","Clostridia","Clostridiales","Ruminococcaceae","Ruminococcaceae_UCG-002",NA
"110","ASV_110","Bacteria","Bacteroidetes","Bacteroidia","Bacteroidales","Prevotellaceae","Prevotella_9",NA
"111","ASV_111","Bacteria","Bacteroidetes","Bacteroidia","Bacteroidales","Bacteroidaceae","Bacteroides",NA
"112","ASV_112","Bacteria","Bacteroidetes","Bacteroidia","Bacteroidales","Bacteroidaceae","Bacteroides",NA
"113","ASV_113","Bacteria","Firmicutes","Clostridia","Clostridiales","Ruminococcaceae","Faecalibacterium",NA
"114","ASV_114","Bacteria","Firmicutes","Clostridia","Clostridiales","Lachnospiraceae",NA,NA
"115","ASV_115","Bacteria","Bacteroidetes","Bacteroidia","Bacteroidales","Bacteroidaceae","Bacteroides",NA
"116","ASV_116","Bacteria","Bacteroidetes","Bacteroidia","Bacteroidales","Prevotellaceae","Prevotella_9",NA
"117","ASV_117","Bacteria","Firmicutes","Clostridia","Clostridiales","Lachnospiraceae",NA,NA
"118","ASV_118","Bacteria","Bacteroidetes","Bacteroidia","Bacteroidales","Bacteroidaceae","Bacteroides",NA
"119","ASV_119","Bacteria","Bacteroidetes","Bacteroidia","Bacteroidales","Porphyromonadaceae","Parabacteroides",NA
"120","ASV_120","Bacteria","Firmicutes","Clostridia","Clostridiales","Ruminococcaceae","Ruminococcaceae_UCG-014",NA
"121","ASV_121","Bacteria","Firmicutes","Erysipelotrichia","Erysipelotrichales","Erysipelotrichaceae","Erysipelotrichaceae_UCG-003",NA
"122","ASV_122","Bacteria","Actinobacteria","Actinobacteria","Bifidobacteriales","Bifidobacteriaceae","Bifidobacterium",NA
"123","ASV_123","Bacteria","Proteobacteria","Deltaproteobacteria","Desulfovibrionales","Desulfovibrionaceae","Bilophila",NA
"124","ASV_124","Bacteria","Bacteroidetes","Bacteroidia","Bacteroidales","Prevotellaceae","Prevotella_9",NA
"125","ASV_125","Bacteria","Proteobacteria","Betaproteobacteria","Burkholderiales","Alcaligenaceae","Sutterella",NA
"126","ASV_126","Bacteria","Proteobacteria","Gammaproteobacteria","Enterobacteriales","Enterobacteriaceae","Pseudocitrobacter",NA
"127","ASV_127","Bacteria","Proteobacteria","Gammaproteobacteria","Enterobacteriales","Enterobacteriaceae","Esherichica/Shigella",NA
"128","ASV_128","Bacteria","Bacteroidetes","Bacteroidia","Bacteroidales","Prevotellaceae","Prevotella_9",NA
"129","ASV_129","Bacteria","Proteobacteria","Gammaproteobacteria","Enterobacteriales","Enterobacteriaceae","Esherichica/Shigella",NA
"130","ASV_130","Bacteria","Bacteroidetes","Bacteroidia","Bacteroidales","Bacteroidaceae","Bacteroides",NA
"131","ASV_131","Bacteria","Firmicutes","Clostridia","Clostridiales","Lachnospiraceae","Dorea",NA
"132","ASV_132","Bacteria","Bacteroidetes","Bacteroidia","Bacteroidales","Bacteroidaceae","Bacteroides",NA
"133","ASV_133","Bacteria","Firmicutes","Clostridia","Clostridiales","Ruminococcaceae","Faecalibacterium",NA
"134","ASV_134","Bacteria","Firmicutes","Clostridia","Clostridiales","Ruminococcaceae","Faecalibacterium",NA
"135","ASV_135","Bacteria","Firmicutes","Clostridia","Clostridiales","Ruminococcaceae","Ruminococcaceae_UCG-014",NA
"136","ASV_136","Bacteria","Firmicutes","Clostridia","Clostridiales","Ruminococcaceae","Ruminococcaceae_UCG-010",NA
"137","ASV_137","Bacteria","Bacteroidetes","Bacteroidia","Bacteroidales","Bacteroidaceae","Bacteroides",NA
"138","ASV_138","Bacteria","Actinobacteria","Coriobacteriia","Coriobacteriales","Coriobacteriaceae","Collinsella",NA
"139","ASV_139","Bacteria","Firmicutes","Clostridia","Clostridiales","Ruminococcaceae","Subdoligranulum",NA
"140","ASV_140","Bacteria","Firmicutes","Clostridia","Clostridiales","Ruminococcaceae","Ruminococcaceae_UCG-002",NA
"141","ASV_141","Bacteria","Firmicutes","Clostridia","Clostridiales","Ruminococcaceae","Ruminococcaceae_UCG-002",NA
"142","ASV_142","Bacteria","Firmicutes","Erysipelotrichia","Erysipelotrichales","Erysipelotrichaceae","Holdemanella",NA
"143","ASV_143","Bacteria","Proteobacteria","Betaproteobacteria","Burkholderiales","Alcaligenaceae","Parasutterella",NA
"144","ASV_144","Bacteria","Bacteroidetes","Bacteroidia","Bacteroidales","Bacteroidaceae","Bacteroides",NA
"145","ASV_145","Bacteria","Firmicutes","Clostridia","Clostridiales","Lachnospiraceae","Lachnospiraceae_NK4A136_group",NA
"146","ASV_146","Bacteria","Bacteroidetes","Bacteroidia","Bacteroidales","Prevotellaceae","Prevotella_9",NA
"147","ASV_147","Bacteria","Firmicutes","Negativicutes","Selenomonadales","Veillonellaceae","Dialister",NA
"148","ASV_148","Bacteria","Firmicutes","Clostridia","Clostridiales","Peptostreptococcaceae","Intestinibacter",NA
"149","ASV_149","Bacteria","Bacteroidetes","Bacteroidia","Bacteroidales","Rikenellaceae","Alistipes",NA
"150","ASV_150","Bacteria","Bacteroidetes","Bacteroidia","Bacteroidales","Rikenellaceae","Alistipes",NA
"151","ASV_151","Bacteria","Firmicutes","Clostridia","Clostridiales","Lachnospiraceae","Fusicatenibacter",NA
"152","ASV_152","Bacteria","Bacteroidetes","Bacteroidia","Bacteroidales","Bacteroidales_S24-7_group",NA,NA
"153","ASV_153","Bacteria","Bacteroidetes","Bacteroidia","Bacteroidales","Bacteroidales_S24-7_group",NA,NA
"154","ASV_154","Bacteria","Firmicutes","Clostridia","Clostridiales","Ruminococcaceae","Subdoligranulum",NA
"155","ASV_155","Bacteria","Proteobacteria","Gammaproteobacteria","Enterobacteriales","Enterobacteriaceae","Kluyvera",NA
"156","ASV_156","Bacteria","Firmicutes","Clostridia","Clostridiales","Clostridiaceae_1","Clostridium_sensu_stricto_1",NA
"157","ASV_157","Bacteria","Bacteroidetes","Bacteroidia","Bacteroidales","Bacteroidales_S24-7_group",NA,NA
"158","ASV_158","Bacteria","Firmicutes","Clostridia","Clostridiales","Lachnospiraceae",NA,NA
"159","ASV_159","Bacteria","Bacteroidetes","Bacteroidia","Bacteroidales","Bacteroidaceae","Bacteroides",NA
"160","ASV_160","Bacteria","Bacteroidetes","Bacteroidia","Bacteroidales","Bacteroidaceae","Bacteroides",NA
"161","ASV_161","Bacteria","Firmicutes","Bacilli","Lactobacillales","Streptococcaceae","Streptococcus",NA
"162","ASV_162","Bacteria","Firmicutes","Clostridia","Clostridiales","Ruminococcaceae","Faecalibacterium",NA
"163","ASV_163","Bacteria","Firmicutes","Clostridia","Clostridiales","Ruminococcaceae","Ruminococcaceae_UCG-002",NA
"164","ASV_164","Bacteria","Firmicutes","Clostridia","Clostridiales","Ruminococcaceae","Ruminococcus_2",NA
"165","ASV_165","Bacteria","Firmicutes","Clostridia","Clostridiales","Ruminococcaceae","Ruminococcaceae_NK4A214_group",NA
"166","ASV_166","Bacteria","Firmicutes","Clostridia","Clostridiales","Ruminococcaceae","Faecalibacterium",NA
"167","ASV_167","Bacteria","Firmicutes","Clostridia","Clostridiales","Lachnospiraceae",NA,NA
"168","ASV_168","Bacteria","Bacteroidetes","Bacteroidia","Bacteroidales","Prevotellaceae","Prevotella_9",NA
"169","ASV_169","Bacteria","Bacteroidetes","Bacteroidia","Bacteroidales","Prevotellaceae","Prevotella_9",NA
"170","ASV_170","Bacteria","Firmicutes","Clostridia","Clostridiales","Ruminococcaceae","Ruminococcaceae_NK4A214_group",NA
"171","ASV_171","Bacteria","Firmicutes","Clostridia","Clostridiales","Ruminococcaceae",NA,NA
"172","ASV_172","Bacteria","Firmicutes","Clostridia","Clostridiales","Ruminococcaceae","Ruminiclostridium_6",NA
"173","ASV_173","Bacteria","Proteobacteria","Gammaproteobacteria","Enterobacteriales","Enterobacteriaceae","Pseudocitrobacter",NA
"174","ASV_174","Bacteria","Bacteroidetes","Bacteroidia","Bacteroidales","Porphyromonadaceae","Odoribacter",NA
"175","ASV_175","Bacteria","Proteobacteria","Betaproteobacteria","Burkholderiales","Alcaligenaceae","Parasutterella",NA
"176","ASV_176","Bacteria","Firmicutes","Clostridia","Clostridiales","Ruminococcaceae","Ruminococcus_2",NA
"177","ASV_177","Bacteria","Bacteroidetes","Bacteroidia","Bacteroidales","Porphyromonadaceae","Odoribacter",NA
"178","ASV_178","Bacteria","Proteobacteria","Gammaproteobacteria","Enterobacteriales","Enterobacteriaceae","Esherichica/Shigella",NA
"179","ASV_179","Bacteria","Bacteroidetes","Bacteroidia","Bacteroidales","Prevotellaceae","Prevotella_9",NA
"180","ASV_180","Bacteria","Firmicutes","Clostridia","Clostridiales","Ruminococcaceae","Faecalibacterium",NA
"181","ASV_181","Bacteria","Bacteroidetes","Bacteroidia","Bacteroidales","Bacteroidales_S24-7_group",NA,NA
"182","ASV_182","Bacteria","Firmicutes","Bacilli","Lactobacillales","Streptococcaceae","Streptococcus","salivarius"
"183","ASV_183","Bacteria","Firmicutes","Clostridia","Clostridiales","Lachnospiraceae","Lachnospiraceae_ND3007_group",NA
"184","ASV_184","Bacteria","Proteobacteria","Deltaproteobacteria","Desulfovibrionales","Desulfovibrionaceae","Desulfovibrio",NA
"185","ASV_185","Bacteria","Firmicutes","Clostridia","Clostridiales","Ruminococcaceae","Faecalibacterium",NA
"186","ASV_186","Bacteria","Proteobacteria","Gammaproteobacteria","Enterobacteriales","Enterobacteriaceae","Pseudocitrobacter",NA
"187","ASV_187","Bacteria","Firmicutes","Erysipelotrichia","Erysipelotrichales","Erysipelotrichaceae","Catenibacterium",NA
"188","ASV_188","Bacteria","Cyanobacteria","Melainabacteria","Gastranaerophilales",NA,NA,NA
"189","ASV_189","Bacteria","Firmicutes","Clostridia","Clostridiales","Lachnospiraceae","Lachnospira",NA
"190","ASV_190","Bacteria","Bacteroidetes","Bacteroidia","Bacteroidales","Bacteroidaceae","Bacteroides",NA
"191","ASV_191","Bacteria","Bacteroidetes","Bacteroidia","Bacteroidales","Bacteroidaceae","Bacteroides",NA
"192","ASV_192","Bacteria","Firmicutes","Clostridia","Clostridiales","Ruminococcaceae","Faecalibacterium",NA
"193","ASV_193","Bacteria","Proteobacteria","Gammaproteobacteria","Enterobacteriales","Enterobacteriaceae","Pseudocitrobacter",NA
"194","ASV_194","Bacteria","Bacteroidetes","Bacteroidia","Bacteroidales","Bacteroidaceae","Bacteroides",NA
"195","ASV_195","Bacteria","Firmicutes","Clostridia","Clostridiales","Ruminococcaceae","Subdoligranulum",NA
"196","ASV_196","Bacteria","Proteobacteria","Gammaproteobacteria","Enterobacteriales","Enterobacteriaceae",NA,NA
"197","ASV_197","Bacteria","Bacteroidetes","Bacteroidia","Bacteroidales","Rikenellaceae","Alistipes",NA
"198","ASV_198","Bacteria","Bacteroidetes","Bacteroidia","Bacteroidales","Rikenellaceae","Alistipes",NA
"199","ASV_199","Bacteria","Bacteroidetes","Bacteroidia","Bacteroidales","Rikenellaceae","Alistipes",NA
"200","ASV_200","Bacteria","Firmicutes","Clostridia","Clostridiales","Ruminococcaceae","Anaerotruncus",NA
"201","ASV_201","Bacteria","Firmicutes","Clostridia","Clostridiales","Ruminococcaceae","Faecalibacterium",NA
"202","ASV_202","Bacteria","Proteobacteria","Gammaproteobacteria","Enterobacteriales","Enterobacteriaceae","Pseudocitrobacter",NA
"203","ASV_203","Bacteria","Bacteroidetes","Bacteroidia","Bacteroidales","Porphyromonadaceae","Parabacteroides",NA
"204","ASV_204","Bacteria","Actinobacteria","Coriobacteriia","Coriobacteriales","Coriobacteriaceae","Collinsella",NA
"205","ASV_205","Bacteria","Firmicutes","Clostridia","Clostridiales","Peptostreptococcaceae","Romboutsia",NA
"206","ASV_206","Bacteria","Proteobacteria","Deltaproteobacteria","Desulfovibrionales","Desulfovibrionaceae","Desulfovibrio",NA
"207","ASV_207","Bacteria","Firmicutes","Clostridia","Clostridiales","Lachnospiraceae","Blautia",NA
"208","ASV_208","Bacteria","Bacteroidetes","Bacteroidia","Bacteroidales","Bacteroidaceae","Bacteroides",NA
"209","ASV_209","Bacteria","Proteobacteria","Gammaproteobacteria","Enterobacteriales","Enterobacteriaceae","Pseudocitrobacter",NA
"210","ASV_210","Bacteria","Firmicutes","Clostridia","Clostridiales","Ruminococcaceae","Subdoligranulum",NA
"211","ASV_211","Bacteria","Cyanobacteria","Melainabacteria","Gastranaerophilales",NA,NA,NA
"212","ASV_212","Bacteria","Bacteroidetes","Bacteroidia","Bacteroidales","Rikenellaceae","Alistipes",NA
"213","ASV_213","Bacteria","Bacteroidetes","Bacteroidia","Bacteroidales","Bacteroidaceae","Bacteroides",NA
"214","ASV_214","Bacteria","Proteobacteria","Gammaproteobacteria","Enterobacteriales","Enterobacteriaceae","Esherichica/Shigella",NA
"215","ASV_215","Bacteria","Firmicutes","Clostridia","Clostridiales","Lachnospiraceae","Roseburia",NA
"216","ASV_216","Bacteria","Firmicutes","Clostridia","Clostridiales","Ruminococcaceae","Ruminococcaceae_UCG-002",NA
"217","ASV_217","Bacteria","Proteobacteria","Gammaproteobacteria","Enterobacteriales","Enterobacteriaceae","Esherichica/Shigella",NA
"218","ASV_218","Bacteria","Bacteroidetes","Bacteroidia","Bacteroidales","Prevotellaceae","Prevotella_9",NA
"219","ASV_219","Bacteria","Firmicutes","Clostridia","Clostridiales","Ruminococcaceae","Ruminococcaceae_NK4A214_group",NA
"220","ASV_220","Bacteria","Firmicutes","Clostridia","Clostridiales","Ruminococcaceae","Ruminococcus_2",NA
"221","ASV_221","Bacteria","Bacteroidetes","Bacteroidia","Bacteroidales","Porphyromonadaceae","Coprobacter",NA
"222","ASV_222","Bacteria","Bacteroidetes","Bacteroidia","Bacteroidales","Prevotellaceae","Prevotella_9",NA
"223","ASV_223","Bacteria","Verrucomicrobia","Verrucomicrobiae","Verrucomicrobiales","Verrucomicrobiaceae","Akkermansia",NA
"224","ASV_224","Bacteria","Firmicutes","Clostridia","Clostridiales","Ruminococcaceae","Ruminococcaceae_UCG-014",NA
"225","ASV_225","Bacteria","Firmicutes","Clostridia","Clostridiales","Lachnospiraceae","Lactonifactor",NA
"226","ASV_226","Bacteria","Firmicutes","Clostridia","Clostridiales","Ruminococcaceae","Faecalibacterium",NA
"227","ASV_227","Bacteria","Firmicutes","Bacilli","Lactobacillales","Streptococcaceae","Streptococcus",NA
"228","ASV_228","Bacteria","Firmicutes","Bacilli","Lactobacillales","Enterococcaceae","Enterococcus",NA
"229","ASV_229","Bacteria","Firmicutes","Negativicutes","Selenomonadales","Acidaminococcaceae","Phascolarctobacterium",NA
"230","ASV_230","Bacteria","Firmicutes","Clostridia","Clostridiales","Lachnospiraceae","Dorea",NA
"231","ASV_231","Bacteria","Firmicutes","Clostridia","Clostridiales","Ruminococcaceae",NA,NA
"232","ASV_232","Bacteria","Firmicutes","Clostridia","Clostridiales","Ruminococcaceae","Subdoligranulum",NA
"233","ASV_233","Bacteria","Bacteroidetes","Bacteroidia","Bacteroidales","Bacteroidaceae","Bacteroides",NA
"234","ASV_234","Bacteria","Firmicutes","Erysipelotrichia","Erysipelotrichales","Erysipelotrichaceae","Solobacterium",NA
"235","ASV_235","Bacteria","Firmicutes","Clostridia","Clostridiales","Ruminococcaceae","Subdoligranulum",NA
"236","ASV_236","Bacteria","Firmicutes","Clostridia","Clostridiales","Lachnospiraceae","Dorea",NA
"237","ASV_237","Bacteria","Firmicutes","Clostridia","Clostridiales","Lachnospiraceae","Blautia",NA
"238","ASV_238","Bacteria","Bacteroidetes","Bacteroidia","Bacteroidales","Bacteroidaceae","Bacteroides",NA
"239","ASV_239","Bacteria","Firmicutes","Erysipelotrichia","Erysipelotrichales","Erysipelotrichaceae","Catenisphaera",NA
"240","ASV_240","Bacteria","Firmicutes","Clostridia","Clostridiales","Ruminococcaceae","Butyricicoccus",NA
"241","ASV_241","Bacteria","Bacteroidetes","Bacteroidia","Bacteroidales","Bacteroidaceae","Bacteroides",NA
"242","ASV_242","Bacteria","Bacteroidetes","Bacteroidia","Bacteroidales","Bacteroidaceae","Bacteroides",NA
"243","ASV_243","Bacteria","Proteobacteria","Deltaproteobacteria","Desulfovibrionales","Desulfovibrionaceae","Desulfovibrio",NA
"244","ASV_244","Bacteria","Firmicutes","Clostridia","Clostridiales","Lachnospiraceae","Coprococcus_3",NA
"245","ASV_245","Bacteria","Firmicutes","Clostridia","Clostridiales","Ruminococcaceae","Ruminococcaceae_UCG-005",NA
"246","ASV_246","Bacteria","Bacteroidetes","Bacteroidia","Bacteroidales","Prevotellaceae","Prevotella_9",NA
"247","ASV_247","Bacteria","Proteobacteria","Gammaproteobacteria","Enterobacteriales","Enterobacteriaceae","Esherichica/Shigella",NA
"248","ASV_248","Bacteria","Bacteroidetes","Bacteroidia","Bacteroidales","Bacteroidaceae","Bacteroides",NA
"249","ASV_249","Bacteria","Bacteroidetes","Bacteroidia","Bacteroidales","Rikenellaceae","Alistipes",NA
"250","ASV_250","Bacteria","Firmicutes","Clostridia","Clostridiales","Lachnospiraceae",NA,NA
"251","ASV_251","Bacteria","Firmicutes","Clostridia","Clostridiales","Ruminococcaceae","Ruminococcaceae_UCG-002",NA
"252","ASV_252","Bacteria","Proteobacteria","Gammaproteobacteria","Enterobacteriales","Enterobacteriaceae","Esherichica/Shigella",NA
"253","ASV_253","Bacteria","Firmicutes","Clostridia","Clostridiales","Ruminococcaceae","Subdoligranulum",NA
"254","ASV_254","Bacteria","Proteobacteria","Gammaproteobacteria","Enterobacteriales","Enterobacteriaceae","Esherichica/Shigella",NA
"255","ASV_255","Bacteria","Firmicutes","Bacilli","Lactobacillales","Streptococcaceae","Streptococcus",NA
"256","ASV_256","Bacteria","Bacteroidetes","Bacteroidia","Bacteroidales","Bacteroidaceae","Bacteroides",NA
"257","ASV_257","Bacteria","Firmicutes","Clostridia","Clostridiales","Ruminococcaceae","Ruminococcaceae_UCG-005",NA
"258","ASV_258","Bacteria","Bacteroidetes","Bacteroidia","Bacteroidales","Porphyromonadaceae","Parabacteroides",NA
"259","ASV_259","Bacteria","Firmicutes","Clostridia","Clostridiales","Lachnospiraceae",NA,NA
"260","ASV_260","Bacteria","Firmicutes","Clostridia","Clostridiales","Lachnospiraceae",NA,NA
"261","ASV_261","Bacteria","Firmicutes","Clostridia","Clostridiales","Ruminococcaceae","Anaerotruncus",NA
"262","ASV_262","Bacteria","Firmicutes","Negativicutes","Selenomonadales","Veillonellaceae","Dialister",NA
"263","ASV_263","Bacteria","Firmicutes","Clostridia","Clostridiales","Ruminococcaceae","Subdoligranulum",NA
"264","ASV_264","Bacteria","Firmicutes","Clostridia","Clostridiales","Lachnospiraceae","Roseburia",NA
"265","ASV_265","Bacteria","Bacteroidetes","Bacteroidia","Bacteroidales","Porphyromonadaceae","Parabacteroides",NA
"266","ASV_266","Bacteria","Firmicutes","Clostridia","Clostridiales","Ruminococcaceae","Ruminococcaceae_UCG-014",NA
"267","ASV_267","Bacteria","Firmicutes","Clostridia","Clostridiales","Christensenellaceae","Christensenellaceae_R-7_group",NA
"268","ASV_268","Bacteria","Firmicutes","Clostridia","Clostridiales","Ruminococcaceae","Ruminococcus_1",NA
"269","ASV_269","Bacteria","Firmicutes","Clostridia","Clostridiales","Peptostreptococcaceae","Romboutsia",NA
"270","ASV_270","Bacteria","Bacteroidetes","Bacteroidia","Bacteroidales","Bacteroidaceae","Bacteroides",NA
"271","ASV_271","Bacteria","Firmicutes","Clostridia","Clostridiales","Christensenellaceae","Christensenellaceae_R-7_group",NA
"272","ASV_272","Bacteria","Firmicutes","Clostridia","Clostridiales","Ruminococcaceae","Ruminococcaceae_UCG-004",NA
"273","ASV_273","Bacteria","Proteobacteria","Deltaproteobacteria","Desulfovibrionales","Desulfovibrionaceae","Desulfovibrio",NA
"274","ASV_274","Bacteria","Proteobacteria","Gammaproteobacteria","Pasteurellales","Pasteurellaceae","Haemophilus",NA
"275","ASV_275","Bacteria","Firmicutes","Clostridia","Clostridiales","Ruminococcaceae","Ruminococcaceae_UCG-014",NA
"276","ASV_276","Bacteria","Proteobacteria","Betaproteobacteria","Burkholderiales","Alcaligenaceae","Parasutterella",NA
"277","ASV_277","Bacteria","Firmicutes","Clostridia","Clostridiales","Lachnospiraceae",NA,NA
"278","ASV_278","Bacteria","Firmicutes","Clostridia","Clostridiales","Ruminococcaceae","Ruminococcaceae_UCG-013",NA
"279","ASV_279","Bacteria","Firmicutes","Clostridia","Clostridiales","Lachnospiraceae","Roseburia",NA
"280","ASV_280","Bacteria","Firmicutes","Clostridia","Clostridiales","Ruminococcaceae","Ruminococcaceae_UCG-002",NA
"281","ASV_281","Bacteria","Firmicutes","Clostridia","Clostridiales","Christensenellaceae","Christensenellaceae_R-7_group",NA
"282","ASV_282","Bacteria","Firmicutes","Clostridia","Clostridiales","Ruminococcaceae",NA,NA
"283","ASV_283","Bacteria","Firmicutes","Negativicutes","Selenomonadales","Veillonellaceae","Dialister",NA
"284","ASV_284","Bacteria","Bacteroidetes","Bacteroidia","Bacteroidales","Bacteroidaceae","Bacteroides",NA
"285","ASV_285","Bacteria","Firmicutes","Clostridia","Clostridiales","Ruminococcaceae","Ruminococcaceae_UCG-003",NA
"286","ASV_286","Bacteria","Actinobacteria","Coriobacteriia","Coriobacteriales","Coriobacteriaceae","Eggerthella",NA
"287","ASV_287","Bacteria","Firmicutes","Clostridia","Clostridiales","Lachnospiraceae",NA,NA
"288","ASV_288","Bacteria","Firmicutes","Clostridia","Clostridiales","Lachnospiraceae","Coprococcus_3",NA
"289","ASV_289","Bacteria","Firmicutes","Bacilli","Lactobacillales","Streptococcaceae","Streptococcus",NA
"290","ASV_290","Bacteria","Firmicutes","Clostridia","Clostridiales","Lachnospiraceae","Lachnospiraceae_NK4A136_group",NA
"291","ASV_291","Bacteria","Firmicutes","Clostridia","Clostridiales","Ruminococcaceae","Faecalibacterium",NA
"292","ASV_292","Bacteria","Firmicutes","Clostridia","Clostridiales","Lachnospiraceae","Blautia",NA
"293","ASV_293","Bacteria","Proteobacteria","Deltaproteobacteria","Desulfovibrionales","Desulfovibrionaceae","Desulfovibrio",NA
"294","ASV_294","Bacteria","Firmicutes","Clostridia","Clostridiales","Lachnospiraceae",NA,NA
"295","ASV_295","Bacteria","Firmicutes","Clostridia","Clostridiales","Lachnospiraceae",NA,NA
"296","ASV_296","Bacteria","Proteobacteria","Deltaproteobacteria","Desulfovibrionales","Desulfovibrionaceae","Bilophila",NA
"297","ASV_297","Bacteria","Firmicutes","Clostridia","Clostridiales","Lachnospiraceae",NA,NA
"298","ASV_298","Bacteria","Bacteroidetes","Bacteroidia","Bacteroidales","Rikenellaceae","Alistipes",NA
"299","ASV_299","Bacteria","Firmicutes","Clostridia","Clostridiales","Lachnospiraceae","Roseburia",NA
"300","ASV_300","Bacteria","Firmicutes","Clostridia","Clostridiales","Lachnospiraceae",NA,NA
"301","ASV_301","Bacteria","Bacteroidetes","Bacteroidia","Bacteroidales","Bacteroidaceae","Bacteroides",NA
"302","ASV_302","Bacteria","Firmicutes","Erysipelotrichia","Erysipelotrichales","Erysipelotrichaceae","Catenibacterium",NA
"303","ASV_303","Bacteria","Bacteroidetes","Bacteroidia","Bacteroidales","Porphyromonadaceae","Parabacteroides",NA
"304","ASV_304","Bacteria","Firmicutes","Clostridia","Clostridiales","Ruminococcaceae",NA,NA
"305","ASV_305","Bacteria","Firmicutes","Clostridia","Clostridiales","Lachnospiraceae",NA,NA
"306","ASV_306","Bacteria","Proteobacteria","Gammaproteobacteria","Enterobacteriales","Enterobacteriaceae","Salmonella",NA
"307","ASV_307","Bacteria","Firmicutes","Clostridia","Clostridiales","Lachnospiraceae","Coprococcus_2",NA
"308","ASV_308","Bacteria","Firmicutes","Clostridia","Clostridiales","Ruminococcaceae","Faecalibacterium",NA
"309","ASV_309","Bacteria","Firmicutes","Clostridia","Clostridiales","Ruminococcaceae","Ruminococcaceae_UCG-003",NA
"310","ASV_310","Bacteria","Firmicutes","Erysipelotrichia","Erysipelotrichales","Erysipelotrichaceae","Solobacterium",NA
"311","ASV_311","Bacteria","Firmicutes","Clostridia","Clostridiales","Lachnospiraceae","Dorea",NA
"312","ASV_312","Bacteria","Firmicutes","Bacilli","Lactobacillales","Streptococcaceae","Lactococcus",NA
"313","ASV_313","Bacteria","Firmicutes","Clostridia","Clostridiales","Lachnospiraceae",NA,NA
"314","ASV_314","Bacteria","Actinobacteria","Actinobacteria","Bifidobacteriales","Bifidobacteriaceae","Bifidobacterium",NA
"315","ASV_315","Bacteria","Bacteroidetes","Bacteroidia","Bacteroidales","Porphyromonadaceae",NA,NA
"316","ASV_316","Bacteria","Bacteroidetes","Bacteroidia","Bacteroidales","Prevotellaceae","Paraprevotella",NA
"317","ASV_317","Bacteria","Firmicutes","Clostridia","Clostridiales","Ruminococcaceae","Butyricicoccus",NA
"318","ASV_318","Bacteria","Bacteroidetes","Bacteroidia","Bacteroidales","Porphyromonadaceae","Barnesiella",NA
"319","ASV_319","Bacteria","Firmicutes","Clostridia","Clostridiales","Ruminococcaceae","Subdoligranulum",NA
"320","ASV_320","Bacteria","Firmicutes","Clostridia","Clostridiales","Lachnospiraceae","Lachnospiraceae_NK4A136_group",NA
"321","ASV_321","Bacteria","Bacteroidetes","Bacteroidia","Bacteroidales","Bacteroidaceae","Bacteroides",NA
"322","ASV_322","Bacteria","Firmicutes","Clostridia","Clostridiales","Lachnospiraceae","Roseburia",NA
"323","ASV_323","Bacteria","Firmicutes","Clostridia","Clostridiales","Lachnospiraceae",NA,NA
"324","ASV_324","Bacteria","Bacteroidetes","Bacteroidia","Bacteroidales","Bacteroidaceae","Bacteroides",NA
"325","ASV_325","Bacteria","Firmicutes","Bacilli","Lactobacillales","Streptococcaceae","Streptococcus",NA
"326","ASV_326","Bacteria","Bacteroidetes","Bacteroidia","Bacteroidales","Rikenellaceae","Alistipes",NA
"327","ASV_327","Bacteria","Firmicutes","Clostridia","Clostridiales","Lachnospiraceae","Blautia",NA
"328","ASV_328","Bacteria","Firmicutes","Clostridia","Clostridiales","Ruminococcaceae","Faecalibacterium",NA
"329","ASV_329","Bacteria","Firmicutes","Clostridia","Clostridiales","Lachnospiraceae","Blautia",NA
"330","ASV_330","Bacteria","Bacteroidetes","Bacteroidia","Bacteroidales","Prevotellaceae","Prevotella_9",NA
"331","ASV_331","Bacteria","Firmicutes","Clostridia","Clostridiales","Ruminococcaceae","Ruminococcaceae_UCG-002",NA
"332","ASV_332","Bacteria","Firmicutes","Negativicutes","Selenomonadales","Acidaminococcaceae","Phascolarctobacterium",NA
"333","ASV_333","Bacteria","Firmicutes","Clostridia","Clostridiales","Lachnospiraceae","Roseburia",NA
"334","ASV_334","Bacteria","Bacteroidetes","Bacteroidia","Bacteroidales","Rikenellaceae","Alistipes",NA
"335","ASV_335","Bacteria","Firmicutes","Clostridia","Clostridiales","Lachnospiraceae","Lachnospiraceae_UCG-001",NA
"336","ASV_336","Bacteria","Actinobacteria","Coriobacteriia","Coriobacteriales","Coriobacteriaceae","Slackia",NA
"337","ASV_337","Bacteria","Firmicutes","Clostridia","Clostridiales","Lachnospiraceae","Coprococcus_3",NA
"338","ASV_338","Bacteria","Firmicutes","Clostridia","Clostridiales","Lachnospiraceae",NA,NA
"339","ASV_339","Bacteria","Firmicutes","Clostridia","Clostridiales","Ruminococcaceae","Ruminococcaceae_UCG-010",NA
"340","ASV_340","Bacteria","Bacteroidetes","Bacteroidia","Bacteroidales","Prevotellaceae","Prevotella_9",NA
"341","ASV_341","Bacteria","Firmicutes","Clostridia","Clostridiales","Ruminococcaceae","Ruminococcaceae_UCG-002",NA
"342","ASV_342","Bacteria","Bacteroidetes","Bacteroidia","Bacteroidales","Porphyromonadaceae","Barnesiella",NA
"343","ASV_343","Bacteria","Firmicutes","Clostridia","Clostridiales","Peptostreptococcaceae","Romboutsia",NA
"344","ASV_344","Bacteria","Firmicutes","Clostridia","Clostridiales","Ruminococcaceae","Faecalibacterium",NA
"345","ASV_345","Bacteria","Firmicutes","Clostridia","Clostridiales","Ruminococcaceae","Faecalibacterium",NA
"346","ASV_346","Bacteria","Actinobacteria","Coriobacteriia","Coriobacteriales","Coriobacteriaceae","Slackia",NA
"347","ASV_347","Bacteria","Firmicutes","Bacilli","Lactobacillales","Streptococcaceae","Streptococcus",NA
"348","ASV_348","Bacteria","Firmicutes","Erysipelotrichia","Erysipelotrichales","Erysipelotrichaceae","Turicibacter",NA
"349","ASV_349","Bacteria","Firmicutes","Clostridia","Clostridiales","Ruminococcaceae","Subdoligranulum",NA
"350","ASV_350","Bacteria","Firmicutes","Bacilli","Lactobacillales","Streptococcaceae","Streptococcus",NA
"351","ASV_351","Bacteria","Firmicutes","Clostridia","Clostridiales","Ruminococcaceae","Ruminococcus_1",NA
"352","ASV_352","Bacteria","Firmicutes","Clostridia","Clostridiales","Ruminococcaceae","Anaerotruncus",NA
"353","ASV_353","Bacteria","Bacteroidetes","Bacteroidia","Bacteroidales","Prevotellaceae","Prevotella_9",NA
"354","ASV_354","Bacteria","Firmicutes","Clostridia","Clostridiales","Lachnospiraceae","Anaerostipes",NA
"355","ASV_355","Bacteria","Firmicutes","Clostridia","Clostridiales","Ruminococcaceae",NA,NA
"356","ASV_356","Bacteria","Firmicutes","Clostridia","Clostridiales","Ruminococcaceae","Ruminococcaceae_UCG-005",NA
"357","ASV_357","Bacteria","Firmicutes","Clostridia","Clostridiales","Lachnospiraceae","Coprococcus_2",NA
"358","ASV_358","Bacteria","Proteobacteria","Betaproteobacteria","Burkholderiales","Alcaligenaceae","Sutterella",NA
"359","ASV_359","Bacteria","Firmicutes","Negativicutes","Selenomonadales","Veillonellaceae","Veillonella",NA
"360","ASV_360","Bacteria","Firmicutes","Clostridia","Clostridiales","Ruminococcaceae","Ruminococcaceae_UCG-003",NA
"361","ASV_361","Bacteria","Firmicutes","Clostridia","Clostridiales","Lachnospiraceae","Lachnospiraceae_NK4A136_group",NA
"362","ASV_362","Bacteria","Bacteroidetes","Bacteroidia","Bacteroidales","Porphyromonadaceae","Parabacteroides",NA
"363","ASV_363","Bacteria","Firmicutes","Clostridia","Clostridiales","Lachnospiraceae","Lachnospira",NA
"364","ASV_364","Bacteria","Proteobacteria","Deltaproteobacteria","Desulfovibrionales","Desulfovibrionaceae","Desulfovibrio",NA
"365","ASV_365","Bacteria","Firmicutes","Clostridia","Clostridiales","Ruminococcaceae","Ruminococcaceae_UCG-005",NA
"366","ASV_366","Bacteria","Firmicutes","Clostridia","Clostridiales","Lachnospiraceae","Blautia",NA
"367","ASV_367","Bacteria","Firmicutes","Erysipelotrichia","Erysipelotrichales","Erysipelotrichaceae","Erysipelatoclostridium",NA
"368","ASV_368","Bacteria","Firmicutes","Clostridia","Clostridiales","Ruminococcaceae","Faecalibacterium",NA
"369","ASV_369","Bacteria","Firmicutes","Negativicutes","Selenomonadales","Acidaminococcaceae","Acidaminococcus",NA
"370","ASV_370","Bacteria","Bacteroidetes","Bacteroidia","Bacteroidales","Porphyromonadaceae","Odoribacter",NA
"371","ASV_371","Bacteria","Firmicutes","Clostridia","Clostridiales","Ruminococcaceae","Faecalibacterium",NA
"372","ASV_372","Bacteria","Firmicutes","Clostridia","Clostridiales","Lachnospiraceae",NA,NA
"373","ASV_373","Bacteria","Firmicutes","Clostridia","Clostridiales","Ruminococcaceae","Ruminococcaceae_UCG-004",NA
"374","ASV_374","Bacteria","Firmicutes","Clostridia","Clostridiales","Christensenellaceae","Christensenellaceae_R-7_group",NA
"375","ASV_375","Bacteria","Firmicutes","Clostridia","Clostridiales","Lachnospiraceae","Lachnoclostridium",NA
"376","ASV_376","Bacteria","Firmicutes","Clostridia","Clostridiales","Peptostreptococcaceae","Intestinibacter",NA
"377","ASV_377","Bacteria","Firmicutes","Clostridia","Clostridiales","Lachnospiraceae",NA,NA
"378","ASV_378","Bacteria","Firmicutes","Clostridia","Clostridiales","Ruminococcaceae","Ruminococcaceae_UCG-005",NA
"379","ASV_379","Bacteria","Firmicutes","Clostridia","Clostridiales","Ruminococcaceae","Ruminococcaceae_UCG-005",NA
"380","ASV_380","Bacteria","Firmicutes","Clostridia","Clostridiales","Lachnospiraceae",NA,NA
"381","ASV_381","Bacteria","Bacteroidetes","Bacteroidia","Bacteroidales","Bacteroidaceae","Bacteroides",NA
"382","ASV_382","Bacteria","Firmicutes","Clostridia","Clostridiales","Ruminococcaceae","Ruminococcaceae_UCG-004",NA
"383","ASV_383","Bacteria","Actinobacteria","Coriobacteriia","Coriobacteriales","Coriobacteriaceae",NA,NA
"384","ASV_384","Bacteria","Bacteroidetes","Bacteroidia","Bacteroidales","Bacteroidaceae","Bacteroides",NA
"385","ASV_385","Bacteria","Actinobacteria","Coriobacteriia","Coriobacteriales","Coriobacteriaceae","Eggerthella",NA
"386","ASV_386","Bacteria","Proteobacteria","Betaproteobacteria","Burkholderiales","Alcaligenaceae","Parasutterella",NA
"387","ASV_387","Bacteria","Firmicutes","Clostridia","Clostridiales","Ruminococcaceae",NA,NA
"388","ASV_388","Bacteria","Firmicutes","Clostridia","Clostridiales","Lachnospiraceae","Coprococcus_3",NA
"389","ASV_389","Bacteria","Firmicutes","Clostridia","Clostridiales","Ruminococcaceae","Ruminococcaceae_UCG-005",NA
"390","ASV_390","Bacteria","Firmicutes","Clostridia","Clostridiales","Lachnospiraceae","Lachnoclostridium",NA
"391","ASV_391","Bacteria","Firmicutes","Bacilli","Lactobacillales","Streptococcaceae","Streptococcus",NA
"392","ASV_392","Bacteria","Firmicutes","Clostridia","Clostridiales","Ruminococcaceae","Ruminococcaceae_NK4A214_group",NA
"393","ASV_393","Bacteria","Firmicutes","Clostridia","Clostridiales","Ruminococcaceae",NA,NA
"394","ASV_394","Bacteria","Firmicutes","Erysipelotrichia","Erysipelotrichales","Erysipelotrichaceae","Holdemanella",NA
"395","ASV_395","Bacteria","Firmicutes","Negativicutes","Selenomonadales","Veillonellaceae","Megasphaera",NA
"396","ASV_396","Bacteria","Firmicutes","Clostridia","Clostridiales","Lachnospiraceae","Tyzzerella",NA
"397","ASV_397","Bacteria","Firmicutes","Erysipelotrichia","Erysipelotrichales","Erysipelotrichaceae","Faecalitalea",NA
"398","ASV_398","Bacteria","Firmicutes","Clostridia","Clostridiales","Lachnospiraceae",NA,NA
"399","ASV_399","Bacteria","Firmicutes","Clostridia","Clostridiales","Christensenellaceae","Christensenellaceae_R-7_group",NA
"400","ASV_400","Bacteria","Firmicutes","Clostridia","Clostridiales","Ruminococcaceae","Ruminococcaceae_UCG-003",NA
"401","ASV_401","Bacteria","Proteobacteria","Gammaproteobacteria","Enterobacteriales","Enterobacteriaceae",NA,NA
"402","ASV_402","Bacteria","Actinobacteria","Coriobacteriia","Coriobacteriales","Coriobacteriaceae","Collinsella",NA
"403","ASV_403","Bacteria","Firmicutes","Clostridia","Clostridiales","Ruminococcaceae","Intestinimonas",NA
"404","ASV_404","Bacteria","Firmicutes","Clostridia","Clostridiales","Lachnospiraceae","Roseburia",NA
"405","ASV_405","Bacteria","Firmicutes","Clostridia","Clostridiales","Ruminococcaceae","Faecalibacterium",NA
"406","ASV_406","Bacteria","Firmicutes","Erysipelotrichia","Erysipelotrichales","Erysipelotrichaceae","Solobacterium",NA
"407","ASV_407","Bacteria","Firmicutes","Clostridia","Clostridiales","Lachnospiraceae",NA,NA
"408","ASV_408","Bacteria","Firmicutes","Clostridia","Clostridiales","Peptostreptococcaceae","Terrisporobacter",NA
"409","ASV_409","Bacteria","Firmicutes","Erysipelotrichia","Erysipelotrichales","Erysipelotrichaceae","Erysipelotrichaceae_UCG-003",NA
"410","ASV_410","Bacteria","Firmicutes","Clostridia","Clostridiales","Lachnospiraceae",NA,NA
"411","ASV_411","Bacteria","Firmicutes","Clostridia","Clostridiales","Lachnospiraceae","Tyzzerella",NA
"412","ASV_412","Bacteria","Firmicutes","Clostridia","Clostridiales","Lachnospiraceae",NA,NA
"413","ASV_413","Bacteria","Firmicutes","Clostridia","Clostridiales","Lachnospiraceae","Roseburia",NA
"414","ASV_414","Bacteria","Firmicutes","Clostridia","Clostridiales","Clostridiaceae_1","Clostridium_sensu_stricto_1",NA
"415","ASV_415","Bacteria","Firmicutes","Clostridia","Clostridiales","Lachnospiraceae",NA,NA
"416","ASV_416","Bacteria","Firmicutes","Clostridia","Clostridiales","Lachnospiraceae",NA,NA
"417","ASV_417","Bacteria","Firmicutes","Clostridia","Clostridiales","Lachnospiraceae",NA,NA
"418","ASV_418","Bacteria","Firmicutes","Clostridia","Clostridiales","Lachnospiraceae","Dorea",NA
"419","ASV_419","Bacteria","Actinobacteria","Coriobacteriia","Coriobacteriales","Coriobacteriaceae","Senegalimassilia",NA
"420","ASV_420","Bacteria","Actinobacteria","Coriobacteriia","Coriobacteriales","Coriobacteriaceae","Collinsella",NA
"421","ASV_421","Bacteria","Actinobacteria","Coriobacteriia","Coriobacteriales","Coriobacteriaceae","Enterorhabdus",NA
"422","ASV_422","Bacteria","Firmicutes","Clostridia","Clostridiales","Ruminococcaceae",NA,NA
"423","ASV_423","Bacteria","Bacteroidetes","Bacteroidia","Bacteroidales","Porphyromonadaceae","Parabacteroides",NA
"424","ASV_424","Bacteria","Bacteroidetes","Bacteroidia","Bacteroidales","Rikenellaceae","Alistipes",NA
"425","ASV_425","Bacteria","Firmicutes","Clostridia","Clostridiales","Lachnospiraceae","Coprococcus_1",NA
"426","ASV_426","Bacteria","Firmicutes","Clostridia","Clostridiales","Lachnospiraceae","Tyzzerella",NA
"427","ASV_427","Bacteria","Firmicutes","Clostridia","Clostridiales","Christensenellaceae","Christensenellaceae_R-7_group",NA
"428","ASV_428","Bacteria","Firmicutes","Clostridia","Clostridiales","Ruminococcaceae","Ruminococcaceae_UCG-005",NA
"429","ASV_429","Bacteria","Firmicutes","Clostridia","Clostridiales","Lachnospiraceae","Coprococcus_1",NA
"430","ASV_430","Bacteria","Firmicutes","Clostridia","Clostridiales","Ruminococcaceae","Ruminococcus_2",NA
"431","ASV_431","Bacteria","Firmicutes","Clostridia","Clostridiales","Ruminococcaceae","Ruminococcus_1",NA
"432","ASV_432","Bacteria","Firmicutes","Clostridia","Clostridiales","Lachnospiraceae","Coprococcus_3",NA
"433","ASV_433","Bacteria","Firmicutes","Clostridia","Clostridiales","Christensenellaceae","Christensenellaceae_R-7_group",NA
"434","ASV_434","Bacteria","Actinobacteria","Actinobacteria","Actinomycetales","Actinomycetaceae","Actinomyces",NA
"435","ASV_435","Bacteria","Firmicutes","Clostridia","Clostridiales","Lachnospiraceae",NA,NA
"436","ASV_436","Bacteria","Firmicutes","Clostridia","Clostridiales","Ruminococcaceae","Faecalibacterium",NA
"437","ASV_437","Bacteria","Firmicutes","Clostridia","Clostridiales","Ruminococcaceae",NA,NA
"438","ASV_438","Bacteria","Firmicutes","Clostridia","Clostridiales","Lachnospiraceae",NA,NA
"439","ASV_439","Bacteria","Firmicutes","Clostridia","Clostridiales","Lachnospiraceae","Tyzzerella",NA
"440","ASV_440","Bacteria","Proteobacteria","Gammaproteobacteria","Enterobacteriales","Enterobacteriaceae","Citrobacter",NA
"441","ASV_441","Bacteria","Firmicutes","Clostridia","Clostridiales","Lachnospiraceae","Coprococcus_2",NA
"442","ASV_442","Bacteria","Firmicutes","Clostridia","Clostridiales","Ruminococcaceae","Ruminococcaceae_UCG-004",NA
"443","ASV_443","Bacteria","Firmicutes","Clostridia","Clostridiales","Lachnospiraceae","Roseburia",NA
"444","ASV_444","Bacteria","Firmicutes","Clostridia","Clostridiales","Lachnospiraceae","Coprococcus_1",NA
"445","ASV_445","Bacteria","Firmicutes","Clostridia","Clostridiales","Lachnospiraceae","Lachnospiraceae_NK4A136_group",NA
"446","ASV_446","Bacteria","Proteobacteria","Gammaproteobacteria","Enterobacteriales","Enterobacteriaceae",NA,NA
"447","ASV_447","Bacteria","Firmicutes","Clostridia","Clostridiales","Lachnospiraceae",NA,NA
"448","ASV_448","Bacteria","Firmicutes","Clostridia","Clostridiales","Ruminococcaceae","Ruminiclostridium_5",NA
"449","ASV_449","Bacteria","Firmicutes","Clostridia","Clostridiales","Christensenellaceae","Christensenellaceae_R-7_group",NA
"450","ASV_450","Bacteria","Actinobacteria","Actinobacteria","Bifidobacteriales","Bifidobacteriaceae","Bifidobacterium",NA
"451","ASV_451","Bacteria","Firmicutes","Clostridia","Clostridiales","Ruminococcaceae",NA,NA
"452","ASV_452","Bacteria","Firmicutes","Clostridia","Clostridiales","Ruminococcaceae","Ruminococcaceae_UCG-005",NA
"453","ASV_453","Bacteria","Firmicutes","Clostridia","Clostridiales","Lachnospiraceae","Marvinbryantia",NA
"454","ASV_454","Bacteria","Firmicutes","Clostridia","Clostridiales","Lachnospiraceae","Blautia",NA
"455","ASV_455","Bacteria","Firmicutes","Clostridia","Clostridiales","Ruminococcaceae",NA,NA
"456","ASV_456","Bacteria","Firmicutes","Clostridia","Clostridiales","Ruminococcaceae","Faecalibacterium",NA
"457","ASV_457","Bacteria","Actinobacteria","Coriobacteriia","Coriobacteriales","Coriobacteriaceae","Senegalimassilia",NA
"458","ASV_458","Bacteria","Firmicutes","Clostridia","Clostridiales","Lachnospiraceae","Roseburia",NA
"459","ASV_459","Bacteria","Firmicutes","Clostridia","Clostridiales","Christensenellaceae","Christensenellaceae_R-7_group",NA
"460","ASV_460","Bacteria","Firmicutes","Bacilli","Lactobacillales","Lactobacillaceae","Lactobacillus",NA
"461","ASV_461","Bacteria","Firmicutes","Clostridia","Clostridiales","Christensenellaceae","Christensenellaceae_R-7_group",NA
"462","ASV_462","Bacteria","Firmicutes","Erysipelotrichia","Erysipelotrichales","Erysipelotrichaceae","Holdemanella",NA
"463","ASV_463","Bacteria","Firmicutes","Bacilli","Lactobacillales","Streptococcaceae","Streptococcus",NA
"464","ASV_464","Bacteria","Firmicutes","Clostridia","Clostridiales","Ruminococcaceae","Ruminococcaceae_UCG-005",NA
"465","ASV_465","Bacteria","Firmicutes","Clostridia","Clostridiales","Clostridiaceae_1","Clostridium_sensu_stricto_1",NA
"466","ASV_466","Bacteria","Firmicutes","Clostridia","Clostridiales","Ruminococcaceae","Butyricicoccus",NA
"467","ASV_467","Bacteria","Firmicutes","Clostridia","Clostridiales","Lachnospiraceae",NA,NA
"468","ASV_468","Bacteria","Firmicutes","Clostridia","Clostridiales","Ruminococcaceae","Ruminococcus_2",NA
"469","ASV_469","Bacteria","Firmicutes","Clostridia","Clostridiales","Lachnospiraceae",NA,NA
"470","ASV_470","Bacteria","Firmicutes","Bacilli","Lactobacillales","Streptococcaceae","Streptococcus",NA
"471","ASV_471","Bacteria","Firmicutes","Clostridia","Clostridiales","Ruminococcaceae","Ruminococcus_1",NA
"472","ASV_472","Bacteria","Firmicutes","Clostridia","Clostridiales",NA,NA,NA
"473","ASV_473","Bacteria","Bacteroidetes","Bacteroidia","Bacteroidales","Bacteroidaceae","Bacteroides",NA
"474","ASV_474","Bacteria","Firmicutes","Clostridia","Clostridiales","Lachnospiraceae",NA,NA
"475","ASV_475","Bacteria","Firmicutes","Clostridia","Clostridiales","Ruminococcaceae","Ruminococcaceae_UCG-014",NA
"476","ASV_476","Bacteria","Firmicutes","Clostridia","Clostridiales","Ruminococcaceae","Subdoligranulum",NA
"477","ASV_477","Bacteria","Actinobacteria","Coriobacteriia","Coriobacteriales","Coriobacteriaceae","Collinsella",NA
"478","ASV_478","Bacteria","Firmicutes","Clostridia","Clostridiales","Ruminococcaceae","Subdoligranulum",NA
"479","ASV_479","Bacteria","Firmicutes","Clostridia","Clostridiales","Family_XIII","Family_XIII_AD3011_group",NA
"480","ASV_480","Bacteria","Bacteroidetes","Bacteroidia","Bacteroidales","Porphyromonadaceae","Coprobacter",NA
"481","ASV_481","Bacteria","Firmicutes","Clostridia","Clostridiales","Ruminococcaceae","Flavonifractor",NA
"482","ASV_482","Bacteria","Actinobacteria","Actinobacteria","Bifidobacteriales","Bifidobacteriaceae","Bifidobacterium",NA
"483","ASV_483","Bacteria","Proteobacteria","Deltaproteobacteria","Desulfovibrionales","Desulfovibrionaceae","Desulfovibrio",NA
"484","ASV_484","Bacteria","Firmicutes","Bacilli","Lactobacillales","Streptococcaceae","Streptococcus",NA
"485","ASV_485","Bacteria","Firmicutes","Clostridia","Clostridiales","Lachnospiraceae","Roseburia",NA
"486","ASV_486","Bacteria","Firmicutes","Clostridia","Clostridiales","Lachnospiraceae","Eisenbergiella",NA
"487","ASV_487","Bacteria","Firmicutes","Erysipelotrichia","Erysipelotrichales","Erysipelotrichaceae","Erysipelatoclostridium",NA
"488","ASV_488","Bacteria","Firmicutes","Clostridia","Clostridiales","Ruminococcaceae","Faecalibacterium",NA
"489","ASV_489","Bacteria","Firmicutes","Clostridia","Clostridiales","Lachnospiraceae","Lachnospiraceae_NK4A136_group",NA
"490","ASV_490","Bacteria","Firmicutes","Clostridia","Clostridiales","Lachnospiraceae","Tyzzerella",NA
"491","ASV_491","Bacteria","Firmicutes","Clostridia","Clostridiales","Lachnospiraceae","Lachnoclostridium",NA
"492","ASV_492","Bacteria","Firmicutes","Clostridia","Clostridiales","Defluviitaleaceae","Defluviitaleaceae_UCG-011",NA
"493","ASV_493","Bacteria","Firmicutes","Clostridia","Clostridiales","Ruminococcaceae","Ruminiclostridium_5",NA
"494","ASV_494","Bacteria","Firmicutes","Clostridia","Clostridiales","Lachnospiraceae","Tyzzerella",NA
"495","ASV_495","Bacteria","Firmicutes","Clostridia","Clostridiales","Ruminococcaceae",NA,NA
"496","ASV_496","Bacteria","Firmicutes","Clostridia","Clostridiales","Lachnospiraceae","Blautia",NA
"497","ASV_497","Bacteria","Firmicutes","Clostridia","Clostridiales","Ruminococcaceae","Ruminococcaceae_UCG-002",NA
"498","ASV_498","Bacteria","Firmicutes","Clostridia","Clostridiales","Lachnospiraceae",NA,NA
"499","ASV_499","Bacteria","Firmicutes","Clostridia","Clostridiales","Lachnospiraceae",NA,NA
"500","ASV_500","Bacteria","Firmicutes","Clostridia","Clostridiales","Ruminococcaceae",NA,NA
"501","ASV_501","Bacteria","Firmicutes","Clostridia","Clostridiales","Lachnospiraceae",NA,NA
"502","ASV_502","Bacteria","Bacteroidetes","Bacteroidia","Bacteroidales","Porphyromonadaceae","Coprobacter",NA
"503","ASV_503","Bacteria","Firmicutes","Clostridia","Clostridiales","Christensenellaceae","Christensenellaceae_R-7_group",NA
"504","ASV_504","Bacteria","Firmicutes","Clostridia","Clostridiales","Ruminococcaceae","Butyricicoccus",NA
"505","ASV_505","Bacteria","Firmicutes","Clostridia","Clostridiales","Ruminococcaceae","Anaerotruncus",NA
"506","ASV_506","Bacteria","Firmicutes","Clostridia","Clostridiales","Lachnospiraceae",NA,NA
"507","ASV_507","Bacteria","Firmicutes","Clostridia","Clostridiales","Ruminococcaceae",NA,NA
"508","ASV_508","Bacteria","Firmicutes","Clostridia","Clostridiales","Christensenellaceae","Christensenellaceae_R-7_group",NA
"509","ASV_509","Bacteria","Firmicutes","Clostridia","Clostridiales","Ruminococcaceae","Oscillospira",NA
"510","ASV_510","Bacteria","Firmicutes","Clostridia","Clostridiales","Ruminococcaceae","Ruminiclostridium_5",NA
"511","ASV_511","Bacteria","Firmicutes","Clostridia","Clostridiales","Ruminococcaceae","Ruminococcaceae_UCG-005",NA
"512","ASV_512","Bacteria","Firmicutes","Clostridia","Clostridiales","Lachnospiraceae",NA,NA
"513","ASV_513","Bacteria","Firmicutes","Clostridia","Clostridiales","Lachnospiraceae",NA,NA
"514","ASV_514","Bacteria","Firmicutes","Clostridia","Clostridiales","Christensenellaceae","Christensenellaceae_R-7_group",NA
"515","ASV_515","Bacteria","Firmicutes","Clostridia","Clostridiales","Lachnospiraceae","Blautia",NA
"516","ASV_516","Bacteria","Firmicutes","Clostridia","Clostridiales","Ruminococcaceae","Ruminococcaceae_UCG-010",NA
"517","ASV_517","Bacteria","Firmicutes","Clostridia","Clostridiales","Ruminococcaceae",NA,NA
"518","ASV_518","Bacteria","Firmicutes","Clostridia","Clostridiales","Lachnospiraceae","Marvinbryantia",NA
"519","ASV_519","Bacteria","Firmicutes","Clostridia","Clostridiales","Ruminococcaceae","Subdoligranulum",NA
"520","ASV_520","Bacteria","Firmicutes","Clostridia","Clostridiales","Ruminococcaceae",NA,NA
"521","ASV_521","Bacteria","Firmicutes","Erysipelotrichia","Erysipelotrichales","Erysipelotrichaceae","Dielma",NA
"522","ASV_522","Bacteria","Actinobacteria","Coriobacteriia","Coriobacteriales","Coriobacteriaceae","Gordonibacter",NA
"523","ASV_523","Bacteria","Firmicutes","Clostridia","Clostridiales","Ruminococcaceae","Oscillibacter",NA
"524","ASV_524","Bacteria","Firmicutes","Clostridia","Clostridiales","Lachnospiraceae",NA,NA
"525","ASV_525","Bacteria","Firmicutes","Clostridia","Clostridiales","Lachnospiraceae",NA,NA
"526","ASV_526","Bacteria","Actinobacteria","Coriobacteriia","Coriobacteriales","Coriobacteriaceae","Atopobium",NA
"527","ASV_527","Bacteria","Firmicutes","Clostridia","Clostridiales","Lachnospiraceae",NA,NA
"528","ASV_528","Bacteria","Firmicutes","Clostridia","Clostridiales","Ruminococcaceae","Faecalibacterium",NA
"529","ASV_529","Bacteria","Bacteroidetes","Bacteroidia","Bacteroidales","Prevotellaceae","Prevotella",NA
"530","ASV_530","Bacteria","Firmicutes","Clostridia","Clostridiales","Ruminococcaceae","Ruminococcaceae_UCG-005",NA
"531","ASV_531","Bacteria","Firmicutes","Clostridia","Clostridiales","Lachnospiraceae",NA,NA
"532","ASV_532","Bacteria","Firmicutes","Clostridia","Clostridiales",NA,NA,NA
"533","ASV_533","Bacteria","Firmicutes","Bacilli","Lactobacillales","Enterococcaceae","Enterococcus",NA
"534","ASV_534","Bacteria","Firmicutes","Clostridia","Clostridiales","Lachnospiraceae",NA,NA
"535","ASV_535","Bacteria","Bacteroidetes","Bacteroidia","Bacteroidales","Porphyromonadaceae","Butyricimonas",NA
"536","ASV_536","Bacteria","Bacteroidetes","Bacteroidia","Bacteroidales","Bacteroidaceae","Bacteroides",NA
"537","ASV_537","Bacteria","Firmicutes","Clostridia","Clostridiales","Lachnospiraceae","Lachnospira",NA
"538","ASV_538","Bacteria","Firmicutes","Clostridia","Clostridiales","Ruminococcaceae","Butyricicoccus",NA
"539","ASV_539","Bacteria","Firmicutes","Clostridia","Clostridiales","Ruminococcaceae","Faecalibacterium",NA
"540","ASV_540","Bacteria","Firmicutes","Negativicutes","Selenomonadales","Veillonellaceae","Veillonella",NA
"541","ASV_541","Bacteria","Actinobacteria","Actinobacteria","Micrococcales","Micrococcaceae","Rothia",NA
"542","ASV_542","Bacteria","Firmicutes","Clostridia","Clostridiales","Ruminococcaceae","Anaerotruncus",NA
"543","ASV_543","Bacteria","Actinobacteria","Coriobacteriia","Coriobacteriales","Coriobacteriaceae","Adlercreutzia",NA
"544","ASV_544","Bacteria","Firmicutes","Clostridia","Clostridiales","Ruminococcaceae","Ruminiclostridium_9",NA
"545","ASV_545","Bacteria","Firmicutes","Clostridia","Clostridiales","Ruminococcaceae","Ruminiclostridium_5",NA
"546","ASV_546","Bacteria","Firmicutes","Clostridia","Clostridiales","Lachnospiraceae","Dorea",NA
"547","ASV_547","Bacteria","Firmicutes","Clostridia","Clostridiales","Ruminococcaceae",NA,NA
"548","ASV_548","Bacteria","Firmicutes","Clostridia","Clostridiales","Lachnospiraceae","Coprococcus_1",NA
"549","ASV_549","Bacteria","Firmicutes","Bacilli","Lactobacillales","Streptococcaceae","Lactococcus",NA
"550","ASV_550","Bacteria","Firmicutes","Clostridia","Clostridiales","Ruminococcaceae",NA,NA
"551","ASV_551","Bacteria","Firmicutes","Negativicutes","Selenomonadales","Acidaminococcaceae","Phascolarctobacterium",NA
"552","ASV_552","Bacteria","Firmicutes","Clostridia","Clostridiales","Lachnospiraceae","Lachnoclostridium",NA
"553","ASV_553","Bacteria","Firmicutes","Clostridia","Clostridiales","Lachnospiraceae","Blautia",NA
"554","ASV_554","Bacteria","Firmicutes","Clostridia","Clostridiales","Ruminococcaceae","Ruminococcaceae_UCG-005",NA
"555","ASV_555","Bacteria","Firmicutes","Clostridia","Clostridiales","Lachnospiraceae",NA,NA
"556","ASV_556","Bacteria","Actinobacteria","Coriobacteriia","Coriobacteriales","Coriobacteriaceae",NA,NA
"557","ASV_557","Bacteria","Firmicutes","Clostridia","Clostridiales","Christensenellaceae","Christensenellaceae_R-7_group",NA
"558","ASV_558","Bacteria","Firmicutes","Clostridia","Clostridiales","Lachnospiraceae",NA,NA
"559","ASV_559","Bacteria","Firmicutes","Clostridia","Clostridiales","Ruminococcaceae","Ruminococcaceae_NK4A214_group",NA
"560","ASV_560","Bacteria","Firmicutes","Erysipelotrichia","Erysipelotrichales","Erysipelotrichaceae","Holdemania",NA
"561","ASV_561","Bacteria","Firmicutes","Clostridia","Clostridiales","Peptostreptococcaceae","Romboutsia",NA
"562","ASV_562","Bacteria","Firmicutes","Bacilli","Lactobacillales","Streptococcaceae","Streptococcus",NA
"563","ASV_563","Bacteria","Firmicutes","Clostridia","Clostridiales","Lachnospiraceae",NA,NA
"564","ASV_564","Bacteria","Firmicutes","Clostridia","Clostridiales","Ruminococcaceae",NA,NA
"565","ASV_565","Bacteria","Firmicutes","Clostridia","Clostridiales","Christensenellaceae","Christensenellaceae_R-7_group",NA
"566","ASV_566","Bacteria","Firmicutes","Clostridia","Clostridiales","Lachnospiraceae","Sellimonas",NA
"567","ASV_567","Bacteria","Firmicutes","Clostridia","Clostridiales","Ruminococcaceae","Ruminiclostridium_5",NA
"568","ASV_568","Bacteria","Firmicutes","Clostridia","Clostridiales","Ruminococcaceae",NA,NA
"569","ASV_569","Bacteria","Firmicutes","Clostridia","Clostridiales","Ruminococcaceae","Ruminococcaceae_NK4A214_group",NA
"570","ASV_570","Bacteria","Firmicutes","Clostridia","Clostridiales","Ruminococcaceae",NA,NA
"571","ASV_571","Bacteria","Firmicutes","Clostridia","Clostridiales","Ruminococcaceae",NA,NA
"572","ASV_572","Bacteria","Firmicutes","Clostridia","Clostridiales","Lachnospiraceae","Blautia",NA
"573","ASV_573","Bacteria","Firmicutes","Clostridia","Clostridiales","Ruminococcaceae","Ruminococcus_1",NA
"574","ASV_574","Bacteria","Firmicutes","Bacilli","Lactobacillales","Streptococcaceae","Streptococcus",NA
"575","ASV_575","Bacteria","Firmicutes","Clostridia","Clostridiales","Defluviitaleaceae","Defluviitaleaceae_UCG-011",NA
"576","ASV_576","Bacteria","Firmicutes","Clostridia","Clostridiales","Ruminococcaceae","Butyricicoccus",NA
"577","ASV_577","Bacteria","Firmicutes","Clostridia","Clostridiales","Christensenellaceae",NA,NA
"578","ASV_578","Bacteria","Firmicutes","Clostridia","Clostridiales","Christensenellaceae","Christensenellaceae_R-7_group",NA
"579","ASV_579","Bacteria","Firmicutes","Clostridia","Clostridiales","Ruminococcaceae","Butyricicoccus",NA
"580","ASV_580","Bacteria","Bacteroidetes","Bacteroidia","Bacteroidales","Bacteroidales_S24-7_group",NA,NA
"581","ASV_581","Bacteria","Firmicutes","Clostridia","Clostridiales","Ruminococcaceae",NA,NA
"582","ASV_582","Bacteria","Firmicutes","Clostridia","Clostridiales","Ruminococcaceae","Oscillospira",NA
"583","ASV_583","Bacteria","Firmicutes","Clostridia","Clostridiales","Ruminococcaceae","Ruminococcaceae_UCG-009",NA
"584","ASV_584","Bacteria","Firmicutes","Clostridia","Clostridiales","Ruminococcaceae","Anaerotruncus",NA
"585","ASV_585","Bacteria","Firmicutes","Clostridia","Clostridiales","Ruminococcaceae","Ruminiclostridium_5",NA
"586","ASV_586","Bacteria","Firmicutes","Bacilli","Lactobacillales","Lactobacillaceae","Lactobacillus",NA
"587","ASV_587","Bacteria","Firmicutes","Clostridia","Clostridiales","Ruminococcaceae",NA,NA
"588","ASV_588","Bacteria","Firmicutes","Clostridia","Clostridiales","Ruminococcaceae","Anaerotruncus",NA
"589","ASV_589","Bacteria","Firmicutes","Clostridia","Clostridiales","Ruminococcaceae","Ruminococcaceae_UCG-010",NA
"590","ASV_590","Bacteria","Firmicutes","Clostridia","Clostridiales","Lachnospiraceae",NA,NA
"591","ASV_591","Bacteria","Bacteroidetes","Bacteroidia","Bacteroidales","Porphyromonadaceae","Barnesiella",NA
"592","ASV_592","Bacteria","Actinobacteria","Coriobacteriia","Coriobacteriales","Coriobacteriaceae","Olsenella",NA
"593","ASV_593","Bacteria","Firmicutes","Clostridia","Clostridiales","Ruminococcaceae","Ruminococcaceae_UCG-010",NA
"594","ASV_594","Bacteria",NA,NA,NA,NA,NA,NA
"595","ASV_595","Bacteria","Firmicutes","Clostridia","Clostridiales","Ruminococcaceae",NA,NA
"596","ASV_596","Bacteria","Firmicutes","Clostridia","Clostridiales","Ruminococcaceae",NA,NA
"597","ASV_597","Bacteria","Firmicutes","Clostridia","Clostridiales",NA,NA,NA
"598","ASV_598","Bacteria","Firmicutes","Clostridia","Clostridiales","Ruminococcaceae","Anaerotruncus",NA
"599","ASV_599","Bacteria","Firmicutes","Clostridia","Clostridiales","Christensenellaceae","Christensenellaceae_R-7_group",NA
"600","ASV_600","Bacteria","Firmicutes","Clostridia","Clostridiales",NA,NA,NA
"601","ASV_601","Bacteria","Actinobacteria","Coriobacteriia","Coriobacteriales","Coriobacteriaceae","Adlercreutzia",NA
"602","ASV_602","Bacteria","Firmicutes","Clostridia","Clostridiales","Ruminococcaceae",NA,NA
"603","ASV_603","Bacteria","Firmicutes","Clostridia","Clostridiales",NA,NA,NA
"604","ASV_604","Bacteria","Bacteroidetes","Bacteroidia","Bacteroidales","Rikenellaceae","Alistipes",NA
"605","ASV_605","Bacteria","Firmicutes","Bacilli","Lactobacillales",NA,NA,NA
